city,uof_url,uof_shootings_only,uof_coverage,uof_foia_requested,uof_notes,arr_url,arr_coverage,arr_demographic,arr_download,arr_notes,cfs_url,cfs_coverage,cfs_download,cfs_officer_initiated,cfs_dispatched,cfs_outcome,cfs_location,cfs_notes,crime_url,crime_coverage,crime_download,crime_notes,map_url,map_coverage,map_download,map_notes,cens_pop_2010,cens_est_base,cens_est_2010,cens_est_2011,cens_est_2012,cens_est_2013,cens_est_2014,cens_est_2015,cens_est_2016,cens_est_2017,cens_est_2018,cens_est_2019
50 Largest US Cities,,,,,,,,,,,,,,,,,,,,,,,,,,,,,,,,,,,,,,
"New York city, New York",https://www1.nyc.gov/site/nypd/stats/reports-analysis/use-of-force.page,N,"UoF: 4Q 2016 - 1Q 2020; Firearms, 2007-2018",Y,"Stop and Frisk data goes back to 2003 and includes force use during SQFs, https://www1.nyc.gov/site/nypd/stats/reports-analysis/stopfrisk.page",https://data.cityofnewyork.us/Public-Safety/NYPD-Arrest-Data-Year-to-Date-/uip8-fykc,Year to date,Y,Y,Updated quarterly; historic arrests (to end of prior year) at https://data.cityofnewyork.us/Public-Safety/NYPD-Arrests-Data-Historic-/8h9b-rp9u,N/A,,N,,,,,,https://www1.nyc.gov/site/nypd/stats/reports-analysis/crime-enf.page,2008-2019,N,Annual report; demographic information included,https://www1.nyc.gov/site/nypd/stats/crime-statistics/compstat.page,Unk,N,Site flags privacy error,"8,175,133","8,175,031","8,190,209","8,272,948","8,346,693","8,396,091","8,433,806","8,463,049","8,469,153","8,437,478","8,390,081","8,336,817"
"Los Angeles city, California",http://www.lapdonline.org/use_of_force,Y,2017-2019,Y,Only shootings and critical incidents; some video linked,https://data.lacity.org/A-Safe-City/Arrest-Data-from-2010-to-Present/yru6-6re4,2010-present,Y,Y,,https://data.lacity.org/browse?Data-Owner_Department=LAPD&limitTo=datasets&tags=cfs,2010-present,Y,N,Y,N,N,Neighborhood given; updates weekly,https://data.lacity.org/browse?q=crime%20data&sortBy=relevance,2010-present,Y,,https://www.crimemapping.com/map/ca/losangeles,Last 6 months,N,,"3,792,621","3,793,139","3,795,512","3,820,876","3,851,202","3,881,622","3,909,901","3,938,568","3,963,226","3,975,788","3,977,596","3,979,576"
"Chicago city, Illinois",https://home.chicagopolice.org/statistics-data/data-dashboards/use-of-force-dashboard/,N,2015-present,Y,Dashboard - no download available,https://home.chicagopolice.org/statistics-data/public-arrest-data/,2014-2017,Y,Y,Race is only demographic information given,https://home.chicagopolice.org/statistics-data/statistical-reports/annual-reports/,"1965-2010, 2017-2018",N,,,,,annual report,https://home.chicagopolice.org/statistics-data/statistical-reports/crime-trend-reports/,1991-2007,N,Annual report,http://gis.chicagopolice.org/,Last 90 days,N,,"2,695,598","2,695,652","2,697,477","2,708,114","2,719,141","2,725,731","2,727,066","2,724,344","2,716,723","2,711,069","2,701,423","2,693,976"
"Houston city, Texas",http://www.houstontx.gov/police/ois/,Y,2005-present,Y,"Officer-involved shootings only, no other use of force data reported",N/A,,,,,N/A,,N,,,,,,https://www.houstontx.gov/police/cs/Monthly_Crime_Data_by_Street_and_Police_Beat.htm,2009 to prior month,Y,,https://www.houstontx.gov/police/cs/Community_Crime_Map_hosted_by_LexisNexis.htm,Unk,N,Can only view 500 records at a time,"2,099,451","2,095,517","2,100,280","2,126,032","2,161,593","2,199,391","2,241,826","2,286,908","2,309,544","2,316,750","2,318,573","2,320,268"
"Phoenix city, Arizona",https://www.phoenixopendata.com/dataset/officer-involved-shooting-incidents,Y,2017-present,Y,"Officer-involved shootings only, no other use of force data reported",N/A,,,,,https://www.phoenixopendata.com/dataset/calls-for-service,11/1/2015 to end of prior week,Y,N,Y,Y,Y,100 Block address given,https://www.phoenixopendata.com/dataset/crime-data,11/1/2015 to end of prior week,Y,"Homicides, rapes, robberies, aggravated assaults, burglaries, thefts, motor vehicle thefts, arsons, and drug offenses are included (based on the primary offense listed for each incident)",https://communitycrimemap.com/,Unk,N,Can only view 500 records at a time,"1,445,632","1,446,691","1,449,038","1,469,796","1,499,274","1,526,491","1,555,445","1,583,690","1,612,199","1,633,560","1,654,675","1,680,992"
"Philadelphia city, Pennsylvania",N/A,,,Y,"Complaints vs police is closest: https://www.opendataphilly.org/dataset/police-complaints (last 5 yrs, updated monthly)",https://data.philadao.com/download.html,2014-present,N,Y,"Available Daily Citywide, Daily by Police District, Daily by Zip Code, and Weekly by Census Tract; only includes info available to DA (PD does not publish arrests)",N/A,,N,,,,,,https://www.opendataphilly.org/dataset/crime-incidents,2006-2020,Y,,https://www.opendataphilly.org/dataset?q=crime+map&sort=score+desc%2C+metadata_modified+desc,last 12 months,N,"There's another ""PHL Crime Mapper"" that says access denied when you click","1,526,006","1,526,012","1,528,283","1,540,466","1,551,824","1,558,313","1,565,460","1,571,065","1,576,051","1,580,601","1,583,592","1,584,064"
"San Antonio city, Texas",https://www.sanantonio.gov/SAPD/SAPD-Open-Data-Initiative#182281928-use-of-force-incidents,N,2018-2019,Y,Use of force data in summary form (numeric and percentage change comparsion to past year); all police involved shootings 2015 to present available at https://www.sanantonio.gov/SAPD/Officer-Involved-Shooting,N/A,,,,,https://www.sanantonio.gov/SAPD/Calls,Unk,N,,,,,Website down,https://www.sanantonio.gov/SAPD/Uniform-Crime-Reports#30263860-2020,2011 to prior month,N,UCR summary stats,https://communitycrimemap.com/?address=78205,Unk,N,Can only view 500 records at a time,"1,327,407","1,326,161","1,332,299","1,357,120","1,383,075","1,408,339","1,435,456","1,464,043","1,487,843","1,511,154","1,530,016","1,547,253"
"San Diego city, California",N/A,,,Y,Campaign Zero has use of force analysis for SD co. and city covering 2016-2018: https://www.joincampaignzero.org/sandiego,N/A,,,,,https://data.sandiego.gov/datasets/police-calls-for-service/,2015-prior day,Y,,,Y,Y,Codebooks in separate CSVs; monthly 911 summary reports (PDFs) at https://www.sandiego.gov/police/services/911monthlyreports,https://www.sandag.org/index.asp?classid=14&subclassid=21&projectid=446&fuseaction=projects.detail,past 180 days,Y,CSV of data from crime map for SD region,https://www.crimemapping.com/map/location/san%20diego?id=,Unk,N,Can only view 1000 records at a time,"1,307,402","1,301,929","1,305,906","1,319,592","1,336,776","1,355,320","1,375,831","1,387,323","1,402,089","1,412,621","1,421,917","1,423,851"
"Dallas city, Texas",https://www.dallasopendata.com/browse?limitTo=datasets&q=police&tags=use+of+force,N,2013-2016,Y,"""Response to Resistance""; officer involved shootings from 2003-2016 at https://www.dallaspolice.net/ois/ois",https://www.dallasopendata.com/Public-Safety/Police-Arrests/sdr7-6v3j,June 2014 - present,Y,Y,Very detailed info including location,https://www.dallasopendata.com/Public-Safety/Dallas-Police-Active-Calls/9fxf-t2tr,"Currently active calls only, updated every few minutes",Y,N,,,Y,,https://www.dallasopendata.com/Public-Safety/Police-Incidents/qv6i-rri7,June 2014-present,Y,"RMS reports; there are other datasets (""bulk data"") dating back to 2012-2014 range available",,,N,,"1,197,816","1,197,658","1,200,350","1,218,282","1,242,115","1,258,835","1,279,098","1,301,329","1,323,916","1,342,479","1,341,802","1,343,573"
"San Jose city, California",http://www.sjpd.org/crimestats/forceanalysis.asp,N,2015-2019,Y,"Dashboard, updated quarterly plus annual reports",N/A,,,,,N/A,,N,,,,,,N/A,,,,"https://www.cityprotect.com/map/list/agencies/5ce2bdae3934cc0011edaebb?pageSize=2000&parentIncidentTypeIds=149,150,148,8,97,104,165,98,100,179,178,180,101,99,103,163,168,166,12,161,14,16,15&zoomLevel=12&latitude=37.27713331564453&longitude=-121.86547120605476&days=1,2,3,4,5,6,7&startHour=0&endHour=24&timezone=-08:00&fromDate=06%2F08%2F2020&toDate=06%2F10%2F2020",Last 6 months,N,,"945,942","952,528","954,940","970,369","983,530","1,001,279","1,014,273","1,025,980","1,030,242","1,032,335","1,028,020","1,021,795"
"Austin city, Texas",https://data.austintexas.gov/browse?q=r2r&sortBy=relevance&page=2,N,2009-2018,Y,"""R2R"" (Response to Resistance) 2009-2018; Dog shootings, 2019 only",https://data.austintexas.gov/browse?q=arrest&sortBy=relevance&tags=arrests,2015-2018,Y,Y,,N/A,,N,,,,,,https://www.austintexas.gov/page/annual-crime-traffic-reports,2008-2018,N,Annual report,http://www.austintexas.gov/GIS/CrimeViewer/,Unk,N,,"790,390","801,829","806,164","828,459","854,482","875,003","901,170","921,114","939,447","951,553","962,469","978,908"
"Jacksonville city, Florida",http://transparency.jaxsheriff.org/,N,2015-2019,Y,"Police shootings from 2015-present, downloadable sheet; ""response to resistance"" in summary form in 2015-2019 ""Open Data Report"" pdfs; Jacksonville Sheriff is main police for Jacksonville since 1968",N/A,,,,,https://www.jaxsheriff.org/Resources/calls-for-service.aspx,same day,N,Y,Y,N,Y,Can map individual call for service,N/A,,,,https://www.jaxsheriff.org/Resources/crime-mapping.aspx,Last 6 months,N,,"821,784","821,750","823,114","829,609","837,013","842,735","852,494","865,836","880,520","892,025","902,437","911,507"
"Fort Worth city, Texas",https://police.fortworthtexas.gov/Public/,N,2015-2018,Y,Detailed pdf UoF reports 2016-2018; monthly officer-involved shooting reports from 2015-2018,N/A,,,,,N/A,,N,,,,,cfs for the county can be mapped on crime map,https://data.fortworthtexas.gov/Public-Safety/Crime-Data/k6ic-7kp7,1995-present,Y,Early data very sparse,N/A,,,Tarrant county crime map: https://gisit.tarrantcounty.com/cmportal/,"741,206","744,824","748,441","764,142","781,046","796,073","815,057","835,356","856,177","874,809","893,216","909,585"
"Columbus city, Ohio",https://www.columbus.gov/WorkArea/DownloadAsset.aspx?id=2147510958,N,2018,Y,"Only annual reports available, just general numbers",N/A,,,,,N/A,,N,,,,,,N/A,,,,https://communitycrimemap.com/,Unk,N,,"787,033","789,018","790,943","800,607","812,740","827,797","841,673","854,950","866,894","881,694","890,869","898,553"
"Charlotte city, North Carolina",https://data.charlottenc.gov/datasets/cmpd-officer-involved-shootings-incidents-1/data,Y,2005-2020,Y,Lists DA legal review and specific info on each incident,N/A,,,,,N/A,,N,,,,,,https://charlottenc.gov/CMPD/Safety/Pages/CrimeStats.aspx,2009-2019,N,Annual report,https://www.crimemapping.com/map/agency/65,Last 6 months,N,,"731,424","735,607","738,444","754,829","773,264","792,047","807,400","825,668","843,117","860,002","872,514","885,708"
"San Francisco city, California",https://www.sanfranciscopolice.org/your-sfpd/published-reports/arrests-use-force-and-stop-data-admin-code-96a,N,2016-2020,Y,Report each quarter of use of force,https://www.sanfranciscopolice.org/your-sfpd/published-reports/arrests-use-force-and-stop-data-admin-code-96a,2016-2020,Y,N,annual report,https://data.sfgov.org/Public-Safety/Police-Department-Calls-for-Service/hz9m-tj6z,2016 - Present,Y,N,N,N,Y,,https://data.sfgov.org/browse?q=crime&sortBy=relevance,2003-Present,Y,Non-emergency incidents; two datasets separated at 2018,N/A,,,,"805,235","805,184","805,505","815,650","828,876","839,572","850,750","863,010","871,512","878,040","880,696","881,549"
"Indianapolis city (balance), Indiana",http://data.indy.gov/datasets/be9ec4331d0242c6994a256073be772f_16,Y,2014-2018,Y,,N/A,,,,,N/A,,N,,,,,,N/A,,,,"https://cityprotect.com/map/list/agencies?toDate=2020-06-08T23:59:59.999Z&fromDate=2020-06-05T00:00:00.000Z&pageSize=2000&parentIncidentTypeIds=149,150,148,8,97,104,165,98,100,179,178,180,101,99,103,163,168,166,12,161,14,16,15&zoomLevel=5&latitude=36.823106499999376&longitude=-95.84553739999838&days=1,2,3,4,5,6,7&startHour=0&endHour=24&timezone=%2B00:00",,N,,"820,445","820,457","821,579","827,664","835,499","844,696","850,164","853,714","859,049","863,478","870,960","876,384"
"Seattle city, Washington",https://www.seattle.gov/police/information-and-data/use-of-force-data,N,2014-2020,Y,"Broken down into visuals based on geography, demographics",N/A,,,,,https://data.seattle.gov/Public-Safety/Call-Data/33kz-ixgy,2014-Present,Y,N,Y,Y,Y (broad sector),,N/A,,,,https://www.arcgis.com/apps/MapSeries/index.html?appid=94c31b66facc438b95d95a6cb6a0ff2e,Last 7 Days,N,,"608,660","608,661","610,630","622,694","635,928","653,588","670,109","687,386","709,631","728,661","742,235","753,675"
"Denver city, Colorado",https://www.scribd.com/document/420461626/Denver-Police-Department-2015-2018-Use-of-Force-Report,N,2015-2018,Y,"Does not appear that it has been updated since 2018 for general use of force, need to register to download data",N/A,,,,,N/A,,N,,,,,,https://www.denvergov.org/opendata/dataset/city-and-county-of-denver-crime,Last 5 calendar years,Y,,https://www.denvergov.org/content/denvergov/en/police-department/crime-information/crime-map.html,2015-present,N,,"600,158","599,825","603,359","620,530","635,163","649,391","664,582","683,285","696,159","704,961","716,265","727,211"
"Washington city, District of Columbia",https://policecomplaints.dc.gov/sites/default/files/dc/sites/office%20of%20police%20complaints/publication/attachments/UOF%20Report%202018_Final_1.pdf,N,2016-2018,Y,"Only UOF data from 2016-2018, general report not open dtata",https://opendata.dc.gov/datasets/adult-arrests,2013-2017,Y,Y,,N/A,,N,,,,,,https://opendata.dc.gov/datasets/crime-incidents-in-the-last-30-days,last 30 days,Y,,https://dcatlas.dcgis.dc.gov/crimecards/,Unk,Y,,"601,723","601,767","605,226","619,800","634,924","650,581","662,328","675,400","685,815","694,906","701,547","705,749"
"Boston city, Massachusetts",N/A,,,Y,"Other general datasets are available, but not specific use of force",N/A,,,,,N/A,,N,,,,,,https://data.boston.gov/dataset/crime-incident-reports-august-2015-to-date-source-new-system,2015-Present,Y,,N/A,,,,"617,594","617,792","621,048","630,505","642,955","653,002","662,855","670,491","679,848","687,788","691,147","692,600"
"El Paso city, Texas",N/A,,,Y,,N/A,,,,,N/A,,N,,,,,,N/A,,,,https://communitycrimemap.com/?address=El%20Paso%2CTX,Unk,N,,"649,121","648,245","650,671","664,404","674,941","674,808","677,235","676,242","679,955","681,343","679,875","681,728"
"Nashville-Davidson metropolitan government (balance), Tennessee",N/A,,,N,"Has general incidents, but no use of force specific datasets",N/A,,,,https://ccc.nashville.gov/court-resources/map-crime-arrest-data/ place on the site but no data and no link,https://data.nashville.gov/Police/Metro-Nashville-Davidson-County-Calls-For-Service-/994x-46a2,09/28/2018-01/292019,N,N,N,N,Y,,https://data.nashville.gov/Police/Metro-Nashville-Police-Department-Incidents-2020-/sie3-y9k4,1/1/2020-Present,Y,,N/A,,,,"601,222","603,438","604,589","612,518","625,550","635,999","645,259","655,498","661,765","663,587","667,006","670,820"
"Detroit city, Michigan",N/A,,,Y,"Has other data publicly available, but no UOF specifically",https://data.detroitmi.gov/datasets/rms-crime-incidents?geometry=-83.621%2C42.264%2C-82.578%2C42.442,2016-Present,N,Y,,https://data.detroitmi.gov/datasets/911-calls-for-service?geometry=-85.274%2C42.028%2C-81.569%2C42.738,2016-Present,N,Y,Y,N,Y,,N/A,,,,N/A,,,,"713,777","713,898","711,131","705,118","700,183","691,868","682,609","679,410","677,143","674,631","672,977","670,031"
"Oklahoma City city, Oklahoma",N/A,,,Y,,N/A,,,,,N/A,,N,,,,,,N/A,,,,https://www.okc.gov/departments/police/crime-prevention-data/crime-stats,Unk,Y,,"579,999","580,462","582,516","590,947","600,971","612,061","621,639","632,172","639,924","642,822","647,912","655,057"
"Portland city, Oregon",https://www.portlandoregon.gov/police/76875,N,2017-2020,Y,Broken down into type of force,N/A,,,,,https://www.portlandoregon.gov/police/76454,,N,N,Y,N,Y (broad sector),breakdown not a set,https://www.portlandoregon.gov/police/article/627228,Unk,N,,N/A,,,,"583,776","583,793","585,429","595,451","604,264","609,890","620,510","631,366","642,720","647,924","650,837","654,741"
"Las Vegas city, Nevada",https://opendataportal-lasvegas.opendata.arcgis.com/datasets/city-of-las-vegas-department-of-public-safety-use-of-force,N,2017-2020,Y,,N/A,,,,,N/A,,N,,,,,,https://www.lvmpd.com/en-us/Documents/Statistics/Statistical%20Activity_053020-media.pdf,weekly crime report,N,,N/A,,,,"583,756","584,489","584,576","586,606","593,275","599,551","607,976","617,487","626,538","635,262","643,228","651,319"
"Memphis city, Tennessee",N/A,,,Y,"Has data on crime, but not UOF",N/A,,,,,N/A,,N,,,,,,N/A,,,,https://publicsafety.memphistn.gov/#!/dashboard?places=&restrictedPlaces=&categories=571:66%7C572:66-73%7C573:66-69%7C574:66-68%7C575:66-69%7C576:66%7C577:66-69%7C578:66%7C579:66-67%7C580:66-70%7C581:66-68%7C582:66-80%7C583:66-68%7C584:66-75%7C585:66-67%7C586:66%7C587:66-67&start_date=2020-05-25&end_date=2020-06-08&lat=35.1495&lng=-89.90719999999999&zoom=10&shapeIds=&shapeGroupId=me95-vbw4&showSideBar=false&mapType=Map&listViewTab=overview&overlayLayers=Zip%20Codes&search_field=&search_value=&autoUpdate=false&heatFilters=&statusFilter=&choroplethField=count&searchType=&include_restricted_places=false,Unk,N,,"646,889","651,873","652,326","655,341","658,786","657,146","654,990","654,106","652,548","650,878","651,104","651,073"
"Louisville/Jefferson County metro government (balance), Kentucky",https://data.louisvilleky.gov/dataset/officer-involved-shooting-and-statistical-analysis,Y,2018-2020,Y,Only includes officer involved shootings,N/A,,,,,N/A,,N,,,,,,https://data.louisvilleky.gov/dataset/crime-reports,2003-Present,Y,,N/A,,,,"597,337","595,710","596,482","599,920","604,246","610,471","612,634","615,372","617,583","619,728","618,495","617,638"
"Baltimore city, Maryland",https://data.baltimorecity.gov/Public-Safety/BPD-Officer-Involved-Use-Of-Force/3w4d-kckv,N,2013-2015,Y,,https://data.baltimorecity.gov/Public-Safety/BPD-Arrests/3i3v-ibrt,2014-04/30/2020,Y,Y,,https://data.baltimorecity.gov/Public-Safety/911-Police-Calls-for-Service/xviu-ezkt,2013-Present,Y,N,N,N,Y,,https://data.baltimorecity.gov/Public-Safety/BPD-Total-Incidents/6qun-2bet,,N,Not Working Currently (Limited to Part1 crime),https://data.baltimorecity.gov/Public-Safety/Color-Coded-Crime-Map/xugk-a6qb,Unk,N,currently not rendering,"620,961","620,770","620,915","620,410","622,895","622,391","623,587","622,522","616,226","610,481","602,443","593,490"
"Milwaukee city, Wisconsin",https://city.milwaukee.gov/fpc/Reports/ReportsonMPD/Use-of-Force-Reports.htm#.XtfXuTpKiUk,N,2009 - 2018,Y,"Annual report; Change in types of force requiring reporting after Jan 1, 2013. See site for details",N/A,,,,,N/A,,N,,,,,,https://data.milwaukee.gov/dataset/wibr,Year to Date,Y,"
",https://city.milwaukee.gov/Directory/police/Crime-Maps-and-Statistics.htm#.Xt6WOzpKhPY,2018-Present,N,,"594,833","594,498","594,865","597,086","598,569","599,916","600,664","600,477","596,996","593,725","591,375","590,157"
"Albuquerque city, New Mexico",https://www.cabq.gov/police/internal-reports,N,2015-2017,Y,Annual report,N/A,,,,,N/A,,N,,,,,,https://opendata.cabq.gov/dataset/apd-incidents,last 180 days,Y,,N/A,,,,"545,852","546,153","546,755","552,066","555,002","557,445","557,444","557,937","559,192","559,673","559,629","560,513"
"Tucson city, Arizona",http://data-cotgis.opendata.arcgis.com/datasets/tucson-police-officer-involved-shooting-incidents,Y,1/1/2010- 4/40/2018,Y,,http://data-cotgis.opendata.arcgis.com/search?groupIds=b6a49faa168647d8b56e1a06bd53600f&q=arrests,2009 - present,Y,Y,,http://data-cotgis.opendata.arcgis.com/search?groupIds=b6a49faa168647d8b56e1a06bd53600f&q=calls%20for%20service,2012-present,N,,,,,,http://data-cotgis.opendata.arcgis.com/search?groupIds=b6a49faa168647d8b56e1a06bd53600f&q=incidents,2009 - Present,Y,,"https://www.cityprotect.com/map/list/incidents?toDate=2020-03-04T23:59:59.999Z&fromDate=2020-03-01T00:00:00.000Z&pageSize=2000&parentIncidentTypeIds=149,150,148,8,97,104,165,98,100,179,178,180,101,99,103,163,168,166,12,161,14,16,15&zoomLevel=12&latitude=32.21135980008863&longitude=-110.89509031747309&days=1,2,3,4,5,6,7&startHour=0&endHour=24&timezone=%2B00:00",Unk,N,Motorola,"520,116","526,634","527,160","530,709","531,880","532,945","534,800","535,607","537,528","541,377","544,858","548,073"
"Fresno city, California",https://www.fresno.gov/police/records-reports/,N,2014 -,Y,Quarterly reports. Shootings: https://www.fresno.gov/police/wp-content/uploads/sites/5/2016/09/Officer-Involved-Shootings-Report.pdf ; Entire state of CA: https://openjustice.doj.ca.gov/data,N/A,,,,,N/A,,N,,,,,,N/A,,,,N/A,,,,"494,665","497,172","497,769","501,429","505,414","508,880","514,100","518,203","521,426","525,373","528,814","531,576"
"Mesa city, Arizona",N/A,,,Y,,N/A,,,,,https://data.mesaaz.gov/Public-Safety/Police-Computer-Aided-Dispatch-Events/4k95-x7aw,2017-Present,Y,N,N,N,Y,,https://data.mesaaz.gov/Public-Safety/Police-Incidents/39rt-2rfj,2018-Present,Y,,N/A,,,,"439,041","440,092","440,993","447,681","456,968","464,803","473,132","481,811","490,695","500,021","507,945","518,012"
"Sacramento city, California",https://www.cityofsacramento.org/Police/Transparency/Use-Of-Force-Statistics,N,2015-2017,Y,Summary statistics,N/A,,,,,http://data.cityofsacramento.org/datasets/64279ca193a54189aa9214a29d32520c_0,2020-Present,Y,N,N,N,Y,Broken over the past 2 year,https://data.mesaaz.gov/Public-Safety/Police-Incidents/39rt-2rfj,2016-08/31/2019,Y,,N/A,,,,"466,488","466,383","467,286","470,902","474,226","478,214","482,762","488,133","494,127","500,777","507,737","513,624"
"Atlanta city, Georgia",https://www.atlantapd.org/i-want-to/ops-reports,N,2005 - 2018,Y,Very basic UOF stats included in Office of Professional Standards reports,N/A,,,,,N/A,,N,,,,,,http://opendata.atlantapd.org/Crimedata/Today.aspx,2009-Present,Y,"General report, but then able to download specific data","https://communitycrimemap.com/?address=atlanta%20ga&amp;type=advanced&amp;zoom=12&amp;crimeTypes=[1,6,7,8,10,11,12,13,14,15,16,17]",Unk,N,,"420,003","427,059","429,410","437,812","449,016","453,990","461,154","468,303","479,174","491,670","498,183","506,811"
"Kansas City city, Missouri",N/A,,,Y,Crime data: https://data.kcmo.org/dataset/Kansas-City-Crime-NIBRS-Summary/6wc4-sd7p,N/A,,,,,N/A,,N,,,,,,https://www.kcpd.org/crime/crime-statistics/,2009- Present,N,,https://cityprotect.com/map/list/agencies/5ce2bdab3934cc0011edae50/details?search=64106&latitude=39.13080282099449&longitude=-94.45576689218618&zoomLevel=12,2020,N,,"459,787","459,902","460,697","462,368","464,595","467,213","470,629","475,073","481,670","488,329","492,012","495,327"
"Colorado Springs city, Colorado",N/A,,,Y,Participated in a UOF study in 1999: https://www.ncjrs.gov/pdffiles1/nij/176330.pdf,N/A,,,,,N/A,,N,,,,,,https://coloradosprings.gov/police-department/page/cspd-statistical-and-annual-reports?mlid=5051,2000-Present,N,Annual report only,N/A,,,,"416,427","417,447","420,685","427,434","432,782","438,146","442,361","449,572","458,714","465,167","472,567","478,221"
"Omaha city, Nebraska",N/A,,,Y,,N/A,,,,Unsure the affiliation of this site: https://inmate.watch/recent/; Statewide UCR data: https://www.nebraska.gov/crime_commission/arrest/arrest.cgi,N/A,,N,,,,,,https://police.cityofomaha.org/crime-information/incident-data-download,2015-Present,Y,,https://www.crimemapping.com/map/agency/271,Unk,N,,"408,958","458,989","459,659","462,101","465,261","468,086","470,423","472,638","475,044","476,271","477,299","478,192"
"Raleigh city, North Carolina",https://opendatapolicing.com/nc/agency/225/,N,2002 - 2019,Y,Only from traffic stops,N/A,,,,,N/A,,N,,,,,,http://data-ral.opendata.arcgis.com/datasets/raleigh-police-incidents-nibrs,2014-Present,Y,,https://raleighnc.gov/safety/content/Police/Articles/OnlineCrimeMapping.html,Unk,N,,"403,892","404,068","406,353","413,958","423,304","431,391","439,503","449,546","459,469","465,776","469,314","474,069"
"Miami city, Florida",N/A,,,Y,Miami-Dade participated in a UOF study in 1999: https://www.ncjrs.gov/pdffiles1/nij/176330.pdf,N/A,,,,Jail bookings in Miami-Dade county 05/29/2015 to present: https://gis-mdc.opendata.arcgis.com/datasets/db658214dccf4331bc1d82c8547d170a_0,N/A,,N,,,,,,N/A,,,,https://www.crimemapping.com/map/fl/miami-dadecounty,Unk,N,,"399,457","399,481","400,779","406,593","411,149","415,661","425,110","434,738","449,149","456,617","462,819","467,963"
"Long Beach city, California",http://www.longbeach.gov/police/about-the-lbpd/lbpd-1421748/use-of-force/,N,"2001,2015 -2018",Y,Cases resulting in death or great bodily injury,N/A,,,,,N/A,,N,,,,,,N/A,,,,https://longbeachca.maps.arcgis.com/apps/webappviewer/index.html?id=da05d12e09104e598b6ebcace59f2bba,2019-Present,N,,"462,257","462,221","462,431","464,512","466,873","468,000","469,109","470,128","468,719","466,646","465,865","462,628"
"Virginia Beach city, Virginia",https://www.vbgov.com/pages/search-results.aspx?q=police%20annual%20report,N,2010-2018,Y,Annual report gives very basic UOF information. Citizen complaints involving use of force can be found here: https://www.vbgov.com/government/departments/police/profstanddiv/Pages/ia-stats.aspx,N/A,,,,,https://data.vbgov.com/dataset/police-calls-for-service,2018-2019,N,Y,Y,Y,Y,,https://data.vbgov.com/dataset/police-incident-reports,2016-2019,Y,,N/A,,,,"437,994","437,903","438,859","442,583","445,044","447,706","448,864","450,304","450,983","449,896","449,849","449,974"
"Oakland city, California",https://www.oaklandca.gov/topics/use-of-force-uof-levels,N,2012-2017,Y,Yearly Totals by Use of Force Type,N/A,,,,,https://www.oaklandca.gov/resources/police-department-calls-for-service,Unk,N,,,,,Site cannot be reached message,N/A,,,,N/A,,,,"390,724","390,765","391,406","396,086","401,104","406,648","412,901","418,211","420,947","424,382","429,056","433,031"
"Minneapolis city, Minnesota",http://opendata.minneapolismn.gov/datasets/police-use-of-force,N,2007-2020,Y,Use of Force Database by Incident,N/A,,,,,"Message that it is ""currently offline""",,,,,,,,https://tableau.minneapolismn.gov/views/MPDMStatCrimeData/CrimeDashboard-byDate?%3Aembed=y&%3AshowAppBanner=false&%3AshowShareOptions=true&%3Adisplay_count=no&%3AshowVizHome=no,2016-present,N,Crime data dashboard,N/A,,,,"382,578","382,603","383,067","388,052","392,768","400,070","407,067","411,030","415,079","420,925","424,903","429,606"
"Tulsa city, Oklahoma",https://www.tulsapolice.org/media/165885/IA_Annual_Report_2018r.pdf,N,2018,Y,,https://www.tulsapolice.org/police-report/report-a-crime-online/open-records-act.aspx,2012-2018,Y,Y,Lots of NAs in the demographic field,http://maps.cityoftulsa.org/crimes/?esearch=curmonth&slayer=0&exprnum=0,Unk,N,N,N,N,Y,crime map format,N/A,,,,N/A,,,,"391,906","392,004","392,403","393,005","394,643","398,401","399,892","403,491","404,007","402,060","400,414","401,190"
"Tampa city, Florida",N/A,,,Y,"not found, no use of force data in annual report",N/A,,,,,https://apps.tampagov.net/CallsForService_Webapp/Default.aspx?type=TPD,Unk,N,N,N,N,Y,Only for past week (Only Dispatched Calls),N/A,,,,N/A,,,,"335,709","336,150","337,053","342,589","348,090","355,172","362,664","371,464","380,344","391,026","397,232","399,700"
"Arlington city, Texas",https://www.arlingtontx.gov/city_hall/departments/police/reporting/use_of_force_report,N,2014-2018,Y,Annual Report,N/A,,,,Jail bookings: https://www.arlingtontx.gov/city_hall/departments/police/crime/jail_arrests_offenders,https://arlingtonpd.org/webapps/policeincidents/,same day,N,Y,,N,Y,Also available as map,https://arlingtonpd.org/webapps/neighborhoodcrimesearch/,2019-present,N,Can view each individual crime on its own map,N/A,,,Can view each individual crime on its own map,"365,438","365,098","365,892","370,253","375,629","378,950","382,721","388,728","394,384","397,173","398,123","398,854"
"New Orleans city, Louisiana",https://data.nola.gov/Public-Safety-and-Preparedness/NOPD-Use-of-Force-Incidents/9mnw-mbde,N,2016-2019,Y,Dataset with individual incidents,N/A,,,,,https://data.nola.gov/Public-Safety-and-Preparedness/Call-for-Service-2020/hp7u-i9hf,Unk,N,Y,Y,Y,Y,,https://nopdnews.com/transparency/policing-data/,2010-2019,Y,Incidents,https://www.crimemapping.com/map/la/neworleans,12/14/2019 - present,N,,"343,829","343,828","347,772","360,735","369,787","378,637","383,940","389,742","391,843","391,493","391,004","390,144"
Largest Cities in States with No City in US Top 50 Largest Cities,,,,,,,,,,,,,,,,,,,,,,,,,,,,,,,,,,,,,,
"Birmingham city, Alabama",N/A,,,Y,,N/A,,,,,https://data.birminghamal.gov/dataset?organization=birmingham-police-department,06/05/17-10/18/19,Y,,N,N,Y,Split into each precinct (NSEW),N/A,,,,N/A,,,,"212,237","212,585","212,328","212,095","211,287","211,765","211,651","212,259","211,977","211,533","210,487","209,403"
"Anchorage municipality, Alaska",N/A,,,Y,,N/A,,,,,N/A,,,,,,,,https://data.muni.org/Public-Safety/Anchorage-Crime-Data-by-Type-and-Year-UCR-1985-201/48we-a359,1986-2017,Y,"Aggregate over the course of each year, broken down by crime type",https://communitycrimemap.com/,Unk,N,,"291,826","291,836","293,321","296,197","298,255","301,142","299,893","297,547","297,249","294,338","290,521","288,000"
"Billings city, Montana",N/A,,,N,,N/A,,,,,N/A,,,,,,,,https://www.ci.billings.mt.us/1773/Crime-Statistics,2013-2019,N,Annual reports only,https://www.crimemapping.com/map/mt/billings/,Last 7 days,N,,"104,170","104,284","104,509","105,458","106,765","108,561","108,434","109,599","109,620","109,797","109,444","109,577"
"Boise City city, Idaho",N/A,,,N,,N/A,,,,,N/A,,,,,,,,N/A,,,,N/A,,,,"205,671","209,384","209,576","212,635","215,627","217,330","219,440","220,850","224,604","227,648","228,442","228,959"
"Bridgeport city, Connecticut",N/A,,,N,,N/A,,,,,N/A,,,,,,,,N/A,,,,N/A,,,,"144,229","144,246","144,864","146,146","147,096","147,716","147,870","147,409","146,287","145,346","144,772","144,399"
"Burlington city, Vermont",https://data.burlingtonvt.gov/explore/dataset/bpd-use-of-force-2012-2018/information/,N,2012-2018,N,2019 report: https://www.burlingtonvt.gov/Police/Data/Reports,https://www.burlingtonvt.gov/Police/Data/OpenData,2012-Present,Y,Y,,N/A,,,,,,,,https://data.burlingtonvt.gov/explore/?disjunctive.theme&disjunctive.publisher&disjunctive.keyword&sort=title&refine.theme=Public+Safety&q=incidents,2012-2019,Y,,https://data.burlingtonvt.gov/map/+067df9817d204d3d/edit/,2012-2019,Y,"""Create a map"" tool that can link with any of their open data","42,417","42,414","42,436","42,534","42,648","42,667","42,491","42,519","42,309","42,399","42,697","42,819"
"Charleston city, South Carolina",http://pdi-charleston-sc.opendata.arcgis.com/search?groupIds=a6e2de25969e42ea812b7bf530754fb6&q=response%20to%20resistance,N,2017-2019,N,Labeled as Response to Resistance-Aggression Data; Racial Bias Audit Report with Data Analysis of 2014-2018 UoF data: https://www.charleston-sc.gov/DocumentCenter/View/25213/CNA-CPD-Final-Report---11719?bidId=,https://www.arcgis.com/apps/MapSeries/index.html?appid=fad2a3f085c644d0b014b507d23bcd9a,2015-2020,Y,Y,,https://www.arcgis.com/apps/MapSeries/index.html?appid=fad2a3f085c644d0b014b507d23bcd9a,2015-2020,Y,Y,,Y,Y,,N/A,,,,https://www.city-data.com/crime/crime-Charleston-South-Carolina.html,2005-2018,N,,"120,083","120,364","120,700","123,012","125,223","127,246","129,434","132,413","134,453","135,626","136,111","137,566"
"Charleston city, West Virginia",N/A,,,N,,N/A,,,,,N/A,,,,,,,,N/A,,,,N/A,,,,"51,400","51,340","51,274","50,992","50,858","50,657","50,133","49,457","48,789","48,040","47,172","46,536"
"Cheyenne city, Wyoming",https://www.cheyennepd.org/index.aspx?nid=217,N,2016-2019,N,Annual Report,N/A,,,,,N/A,,,,,,,,http://www.cheyennepd.org/index.aspx?nid=217,2016-2019,N,Annual report,"https://cityprotect.com/map/list/incidents?toDate=2020-06-09T23:59:59.999Z&fromDate=2020-06-06T00:00:00.000Z&pageSize=2000&parentIncidentTypeIds=149,150,148,8,97,104,165,98,100,179,178,180,101,99,103,163,168,166,12,161,14,16,15&zoomLevel=14&latitude=41.135916144733834&longitude=-104.79819319223225&days=1,2,3,4,5,6,7&startHour=0&endHour=24&timezone=%2B00:00",Unk,N,Motorola,"59,466","59,552","59,778","60,177","61,438","62,122","62,279","62,905","63,451","63,520","63,835","64,235"
"Des Moines city, Iowa",N/A,,,N,,N/A,,,,,N/A,,,,,,,,https://www.dsm.city/document_center/Police/Forms%20and%20Documents/2019%20Statistical%20Report.pdf?pdf=2019%20Des%20Moines%20Police%20Department%20Statistical%20Report&t=1591808469103,2019,N,Aggregate data annually,https://www.dsm.city/departments/police-division/investigations/crime_mapping.php,Last 30 days,N,Can only view 1000 records at a time,"203,433","204,220","205,032","207,924","210,244","212,026","214,350","215,243","216,308","216,662","215,994","214,237"
"Fargo city, North Dakota",N/A,,,N,,N/A,,,,,https://fargond.gov/city-government/departments/police/police-records-data/dispatch-logs,unknown-Present,N,N,N,N,Y,Only include call type/description,https://fargond.gov/city-government/departments/police/police-records-data/annual-report,2013-2019,N,Annual report only,"https://cityprotect.com/map/list/incidents/5ee01956f47cb62ab23a4dfc?toDate=2020-06-10T23:59:59.999Z&fromDate=2020-06-07T00:00:00.000Z&pageSize=2000&parentIncidentTypeIds=149,150,148,8,97,104,165,98,100,179,178,180,101,99,103,163,168,166,12,161,14,16,15&zoomLevel=15&latitude=46.87787727149095&longitude=-96.78031942819655&days=1,2,3,4,5,6,7&startHour=0&endHour=24&timezone=%2B00:00",Last 7 days,N,,"105,549","105,625","106,025","108,142","110,881","113,739","115,715","118,093","120,149","122,420","124,091","124,662"
"Urban Honolulu CDP, Hawaii",N/A,,,Y,,N/A,,,,,N/A,,,,,,,,https://data.honolulu.gov/Public-Safety/Crime-Incidents/5hbk-i3ah,2015-2016,Y,,https://www.crimemapping.com/map/agency/165,Last 7 days,N,,"337,256","337,721","339,121","343,059","346,845","349,237","349,561","351,571","351,747","349,750","346,945","345,064"
"Jackson city, Mississippi",N/A,,,N,,N/A,,,,,N/A,,,,,,,,https://www.jacksonms.gov/ucr/,Feb. 2019-March 2020,N,UCR Data only,N/A,,,,"173,514","173,551","173,698","175,149","174,822","172,927","172,014","170,901","169,022","166,823","163,772","160,628"
"Little Rock city, Arkansas",N/A,,,N,,N/A,,,,,https://clrweb.littlerock.state.ar.us/pub/public_menu.php,Last 8 hours,N,Y,N,N,Y,"On a 30 minute delay, over past 8 hours",https://data.littlerock.gov/Safe-City/Little-Rock-Police-Department-Statistic-Insights/9iy3-rb7k,2017-2020,Y,,N/A,,,,"193,524","193,538","193,972","195,292","196,564","197,143","197,595","198,178","198,631","198,314","197,484","197,312"
"Manchester city, New Hampshire",N/A,,,N,,http://www.manchesternh.gov/Portals/2/Departments/police_blog/Police%20Log.pdf,5/29/2020-06/05/2020,N,N,PDF of previous week's arrests,http://www.manchesternh.gov/Departments/Police/Police-Log,Daily,N,N,N,N,Y,,manchesternh.gov/Departments/Police/Administration/Crime-Data/Crime-Statistics,2017-Present,N,Broad statistics displayed,https://www.crimemapping.com/map/nh/manchester,Last 7 days,N,,"109,565","109,549","109,613","110,281","110,888","111,008","111,198","111,275","111,903","112,235","112,492","112,673"
"Newark city, New Jersey",https://npd.newarkpublicsafety.org/statistics/transparency,N,YTD,Y,Shows most recent month (March) and YTD totals but just 2019.,http://npd.newarkpublicsafety.org/statistics/arrestdata,2017-Present,Y,Y,,N/A,,,,,,,,https://npd.newarkpublicsafety.org/assets/docs/crimestats/cw/20200531.pdf,Previous week,N,Compstat data from previous week,"https://cityprotect.com/map/list/agencies/5ce2bd9e3934cc0011edac8d?toDate=2020-06-10T23:59:59.999Z&fromDate=2020-06-07T00:00:00.000Z&pageSize=2000&parentIncidentTypeIds=149,150,148,8,97,104,165,98,100,179,178,180,101,99,103,163,168,166,12,161,14,16,15&zoomLevel=13&latitude=40.722813032254074&longitude=-74.15492079233789&days=1,2,3,4,5,6,7&startHour=0&endHour=24&timezone=%2B00:00",Unk,N,,"277,140","277,135","277,175","277,574","277,594","278,121","278,936","279,636","280,681","281,237","281,752","282,011"
"Portland city, Maine",N/A,,,N,,https://www.portlandmaine.gov/DocumentCenter/View/5911/Arrest-Log?bidId=,6/1/2020- 6/7/2020,N,Y,"Download PDF, updated weekly",https://www.portlandmaine.gov/739/Daily-Media-Logs,Last 7 days,Y,N,Y,N,Y,PDF download available,N/A,,,,N/A,,,,"66,194","66,191","66,088","66,183","66,216","66,391","66,832","66,825","66,911","66,646","66,405","66,215"
"Providence city, Rhode Island",N/A,,,N,,https://data.providenceri.gov/Public-Safety/Providence-Police-Department-Arrest-Log-Past-60-Da/vank-fyx9,past 60 days,Y,Y,,N/A,,,,,,,,https://data.providenceri.gov/browse?category=Public+Safety&limitTo=datasets,Case Log for past 180 days,Y,"""Recorded state and municipal offenses from AEGIS records management system of the Providence Police""",N/A,,,,"178,042","177,770","178,029","178,332","178,813","178,692","179,119","179,252","179,548","179,252","179,520","179,883"
"Salt Lake City city, Utah",https://dotnet.slcgov.com/police/useofforce#/chartpresentation,N,24 months,N,Dashboard - can download displayed data or visualizations,N/A,,,,,https://dotnet.slcgov.com/Police/CADCallsForService/,Previous 48 hours,N,N,N,N,Y,These are only calls that are cleared by officers,http://www.slcpd.com/open-data/crimestatistics/,2017-Present,N,Compstat info from each precinct,"https://www.cityprotect.com/map/list/agencies/5ce2bd9e3934cc0011edac7b?toDate=2020-03-03T23:59:59.999Z&fromDate=2020-02-29T00:00:00.000Z&pageSize=2000&parentIncidentTypeIds=149,150,148,8,97,104,165,98,100,179,178,180,101,99,103,163,168,166,12,161,14,16,15&zoomLevel=11&latitude=40.791794129811684&longitude=-111.89896604989659&days=1,2,3,4,5,6,7&startHour=0&endHour=24&timezone=%2B00:00",Last 7 days,N,,"186,440","186,433","186,643","188,265","190,183","192,121","191,837","192,163","194,680","200,932","200,435","200,567"
"Sioux Falls city, South Dakota",N/A,,,N,,N/A,,,,,https://www.siouxfalls.org/police/police-log-disclaimer,30 days to present,N,,,,,Site is down,N/A,,,,https://www.crimemapping.com/map/sd/siouxfalls#,Unk,N,Can only view 1000 records at a time,"153,888","153,978","154,533","156,471","159,847","163,478","167,050","170,183","173,503","177,636","180,398","183,793"
"Wichita city, Kansas",https://www.projectcomport.org/department/WPD/useofforce/#uof-force-type,N,2018,Y,Dataset is currently not working,N/A,,,,,N/A,,N,N,N,Y,Y,Outcome information pending,http://opendata.wichita.gov/datasets/0cecba78042249bfb3f7234c2ec2447b_0/data,Past 3 months,Y,,N/A,,,,"382,368","382,437","382,745","383,773","385,751","387,210","388,416","389,412","390,519","390,277","389,231","389,938"
"Wilmington city, Delaware",N/A,,,N,,N/A,,,,,N/A,,,,,,,,https://data.delaware.gov/Public-Safety/State-of-Delaware-NIBRS-Crime-Report-Totals-by-Jur/8njr-fz7r,2002-2018 (annual release),Y,Statewide NIBRS crime data by jurisdiction,"https://www.crimemapping.com/map/location/wilmington,%20delaware?id=",Unk,N,Can only view 1000 records at a time,"70,851","70,875","70,764","70,868","71,045","71,201","71,201","71,131","70,919","70,658","70,457","70,166"
